{
  "summary": {
    "directTableLookup": {
      "avg": 0.00008129200000001725,
      "min": 0.00004099999999951365,
      "max": 0.004082999999999615,
      "median": 0.00008300000000005525,
      "p95": 0.00012500000000059686,
      "p99": 0.0002080000000006521,
      "stdDev": 0.00014010884603050296,
      "count": 1000
    },
    "legacyBlobSearch": {
      "avg": 0.007805508000000024,
      "min": 0.0007499999999964757,
      "max": 6.614916999999998,
      "median": 0.0008750000000006253,
      "p95": 0.0014170000000000016,
      "p99": 0.004792000000001906,
      "stdDev": 0.20912142624248697,
      "count": 1000
    },
    "indexedQueries": {
      "avg": 0.003073792999999977,
      "min": 0.0014170000000000016,
      "max": 0.09820799999999963,
      "median": 0.0020000000000024443,
      "p95": 0.006333000000001476,
      "p99": 0.028791999999999263,
      "stdDev": 0.005213745322716682,
      "count": 1000
    },
    "performanceImprovement": {
      "averageSpeedup": 96.0181567681736,
      "medianSpeedup": 10.542168674699312,
      "consistencyImprovement": 1492.5640469336201
    },
    "batchOperations": {
      "batch_10": {
        "avg": 0.0005845599999999607,
        "rawData": [
          0.003875000000000739,
          0.0008749999999970726,
          0.0006669999999999732,
          0.0006249999999994316,
          0.0006249999999994316,
          0.0005419999999993763,
          0.0005839999999999179,
          0.0005839999999999179,
          0.0005419999999993763,
          0.000542000000002929,
          0.0006249999999994316,
          0.0005409999999983484,
          0.0005419999999993763,
          0.0005419999999993763,
          0.0005419999999993763,
          0.0005839999999999179,
          0.0005419999999993763,
          0.0005419999999993763,
          0.00058299999999889,
          0.00058299999999889,
          0.00058299999999889,
          0.0005830000000024427,
          0.0005410000000019011,
          0.0005409999999983484,
          0.0005409999999983484,
          0.00058299999999889,
          0.00058299999999889,
          0.000542000000002929,
          0.0005419999999993763,
          0.00058299999999889,
          0.0005409999999983484,
          0.0005409999999983484,
          0.0004999999999988347,
          0.000542000000002929,
          0.0005419999999993763,
          0.0004999999999988347,
          0.0005409999999983484,
          0.0005410000000019011,
          0.0005410000000019011,
          0.00058299999999889,
          0.0005419999999993763,
          0.0005419999999993763,
          0.0005419999999993763,
          0.000542000000002929,
          0.0005000000000023874,
          0.0005419999999993763,
          0.0005409999999983484,
          0.0005409999999983484,
          0.0005419999999993763,
          0.0005000000000023874,
          0.0005419999999993763,
          0.0005419999999993763,
          0.0005409999999983484,
          0.0005409999999983484,
          0.000542000000002929,
          0.000542000000002929,
          0.0005419999999993763,
          0.0005419999999993763,
          0.0005419999999993763,
          0.0005410000000019011,
          0.0005410000000019011,
          0.0005419999999993763,
          0.0004999999999988347,
          0.0005419999999993763,
          0.00058299999999889,
          0.000542000000002929,
          0.0005830000000024427,
          0.0005409999999983484,
          0.0004999999999988347,
          0.0005419999999993763,
          0.000542000000002929,
          0.0005410000000019011,
          0.0005409999999983484,
          0.0005419999999993763,
          0.0005419999999993763,
          0.0005839999999999179,
          0.0005419999999993763,
          0.0005419999999993763,
          0.0004999999999988347,
          0.0005409999999983484,
          0.0005409999999983484,
          0.000542000000002929,
          0.000542000000002929,
          0.0005410000000019011,
          0.0005409999999983484,
          0.0005419999999993763,
          0.0005419999999993763,
          0.000542000000002929,
          0.0005410000000019011,
          0.0005409999999983484,
          0.0005419999999993763,
          0.0005419999999993763,
          0.0005000000000023874,
          0.0005419999999993763,
          0.0005419999999993763,
          0.0005419999999993763,
          0.0005409999999983484,
          0.0005410000000019011,
          0.000542000000002929,
          0.0005419999999993763
        ]
      },
      "batch_50": {
        "avg": 0.0021816900000001384,
        "rawData": [
          0.0037920000000006837,
          0.0029170000000000584,
          0.002874999999999517,
          0.00274999999999892,
          0.002708000000001931,
          0.002709000000002959,
          0.0027089999999994063,
          0.0026669999999988647,
          0.0026670000000024174,
          0.0027079999999983784,
          0.0027919999999994616,
          0.00274999999999892,
          0.0027500000000024727,
          0.0026669999999988647,
          0.0026669999999988647,
          0.0026670000000024174,
          0.006458000000002073,
          0.0023749999999971294,
          0.00216700000000003,
          0.0021249999999994884,
          0.0021249999999994884,
          0.0020830000000024995,
          0.0020000000000024443,
          0.001958999999999378,
          0.002082999999998947,
          0.002041999999999433,
          0.0020000000000024443,
          0.0019999999999988916,
          0.002041999999999433,
          0.0019999999999988916,
          0.0020000000000024443,
          0.0020000000000024443,
          0.002040999999998405,
          0.0019999999999988916,
          0.0019999999999988916,
          0.0019999999999988916,
          0.0019999999999988916,
          0.0019999999999988916,
          0.0020000000000024443,
          0.0020000000000024443,
          0.001958999999999378,
          0.00195799999999835,
          0.0020000000000024443,
          0.0020000000000024443,
          0.0019999999999988916,
          0.002292000000000627,
          0.0019999999999988916,
          0.0019999999999988916,
          0.0020000000000024443,
          0.0020000000000024443,
          0.0019999999999988916,
          0.0019999999999988916,
          0.0019999999999988916,
          0.0019999999999988916,
          0.0019999999999988916,
          0.0019999999999988916,
          0.0020000000000024443,
          0.0019999999999988916,
          0.0019999999999988916,
          0.002041999999999433,
          0.0019580000000019027,
          0.001958999999999378,
          0.0019999999999988916,
          0.00195799999999835,
          0.0020000000000024443,
          0.0019999999999988916,
          0.0019999999999988916,
          0.002040999999998405,
          0.0019580000000019027,
          0.002041000000001958,
          0.0019999999999988916,
          0.00195799999999835,
          0.0020000000000024443,
          0.0019999999999988916,
          0.00195799999999835,
          0.002040999999998405,
          0.0020000000000024443,
          0.002125000000003041,
          0.001958999999999378,
          0.0019999999999988916,
          0.0019580000000019027,
          0.0020000000000024443,
          0.00195799999999835,
          0.0019999999999988916,
          0.0019999999999988916,
          0.0020000000000024443,
          0.0019999999999988916,
          0.0019999999999988916,
          0.0019580000000019027,
          0.0020000000000024443,
          0.001958999999999378,
          0.0019999999999988916,
          0.0020000000000024443,
          0.0020000000000024443,
          0.001958999999999378,
          0.0020000000000024443,
          0.0020000000000024443,
          0.00195799999999835,
          0.0019169999999988363,
          0.0019999999999988916
        ]
      },
      "batch_100": {
        "avg": 0.0043366999999999226,